country_id,country_name,year,obesity_rate
250,France (metropolitan),2022,10.9
702,Singapore,2022,13.5
756,Switzerland,2022,13.7
208,Denmark,2022,14.3
764,Thailand,2022,14.5
752,Sweden,2022,16.4
528,The Netherlands,2022,16.9
40,Austria,2022,17.0
724,Spain,2022,19.2
480,Mauritius,2022,19.5
578,Norway,2022,19.8
442,Luxembourg,2022,20.2
380,Italy,2022,21.6
56,Belgium,2022,22.0
705,Slovenia,2022,22.2
352,Iceland,2022,22.6
862,Venezuela,2022,22.8
376,Israel,2022,23.4
192,Cuba,2022,23.5
246,Finland,2022,23.7
170,Colombia,2022,23.9
276,Germany,2022,24.2
417,Kyrgyzstan,2022,24.4
196,Cyprus,2022,25.1
320,Guatemala,2022,25.2
688,Serbia,2022,26.1
112,Belarus,2022,26.6
233,Estonia,2022,26.7
218,Ecuador,2022,27.0
620,Portugal,2022,27.1
124,Canada,2022,27.3
51,Armenia,2022,27.9
328,Guyana,2022,28.0
860,Uzbekistan,2022,28.5
826,United Kingdom,2022,28.7
76,Brazil,2022,28.8
428,Latvia,2022,29.8
710,South Africa,2022,30.0
703,Slovakia,2022,30.3
372,Ireland,2022,30.8
440,Lithuania,2022,31.1
203,Czechia,2022,31.3
616,Poland,2022,31.4
36,Australia,2022,31.8
188,Costa Rica,2022,32.0
600,Paraguay,2022,32.1
558,Nicaragua,2022,32.4
300,Greece,2022,33.7
554,New Zealand,2022,34.2
792,Türkiye,2022,34.3
470,Malta,2022,34.6
858,Uruguay,2022,34.7
191,Croatia,2022,35.7
32,Argentina,2022,36.0
591,Panama,2022,36.1
484,Mexico,2022,36.1
348,Hungary,2022,36.4
48,Bahrain,2022,37.2
642,Romania,2022,38.2
268,Georgia,2022,38.9
152,Chile,2022,39.5
392,Japan,2022,4.9
630,Puerto Rico,2022,41.0
84,Belize,2022,41.9
840,USA,2022,42.9
634,Qatar,2022,43.8
414,Kuwait,2022,45.4
410,South Korea,2022,6.7
800,Uganda,2022,6.9
356,India,2022,7.2
156,China,2022,8.2
608,Philippines,2022,8.7
250,France (metropolitan),2021,11.1
702,Singapore,2021,12.9
756,Switzerland,2021,13.6
764,Thailand,2021,14.0
208,Denmark,2021,14.2
752,Sweden,2021,16.3
528,The Netherlands,2021,16.8
40,Austria,2021,16.8
480,Mauritius,2021,19.1
724,Spain,2021,19.4
578,Norway,2021,19.5
442,Luxembourg,2021,20.1
380,Italy,2021,21.3
56,Belgium,2021,21.7
705,Slovenia,2021,21.7
352,Iceland,2021,22.2
192,Cuba,2021,22.9
862,Venezuela,2021,22.9
170,Colombia,2021,23.2
376,Israel,2021,23.3
246,Finland,2021,23.5
417,Kyrgyzstan,2021,23.6
276,Germany,2021,24.1
320,Guatemala,2021,24.4
196,Cyprus,2021,24.8
688,Serbia,2021,25.5
218,Ecuador,2021,26.1
112,Belarus,2021,26.3
233,Estonia,2021,26.4
620,Portugal,2021,26.6
124,Canada,2021,27.1
328,Guyana,2021,27.2
51,Armenia,2021,27.2
860,Uzbekistan,2021,27.4
76,Brazil,2021,27.7
826,United Kingdom,2021,28.4
428,Latvia,2021,29.4
710,South Africa,2021,29.7
703,Slovakia,2021,29.9
372,Ireland,2021,30.4
440,Lithuania,2021,30.7
203,Czechia,2021,30.8
600,Paraguay,2021,31.1
188,Costa Rica,2021,31.2
616,Poland,2021,31.2
36,Australia,2021,31.3
558,Nicaragua,2021,31.7
300,Greece,2021,33.2
792,Türkiye,2021,33.6
858,Uruguay,2021,33.7
554,New Zealand,2021,33.8
470,Malta,2021,34.3
191,Croatia,2021,34.7
32,Argentina,2021,35.0
591,Panama,2021,35.1
484,Mexico,2021,35.4
348,Hungary,2021,36.0
48,Bahrain,2021,36.6
642,Romania,2021,37.1
268,Georgia,2021,38.0
152,Chile,2021,38.5
392,Japan,2021,4.8
630,Puerto Rico,2021,40.4
84,Belize,2021,41.1
840,USA,2021,42.4
634,Qatar,2021,42.9
414,Kuwait,2021,45.0
800,Uganda,2021,6.4
410,South Korea,2021,6.4
356,India,2021,6.8
156,China,2021,7.8
608,Philippines,2021,8.4
250,France (metropolitan),2020,11.4
702,Singapore,2020,12.3
764,Thailand,2020,13.5
756,Switzerland,2020,13.6
208,Denmark,2020,14.1
752,Sweden,2020,16.2
40,Austria,2020,16.6
528,The Netherlands,2020,16.7
480,Mauritius,2020,18.8
578,Norway,2020,19.2
724,Spain,2020,19.7
442,Luxembourg,2020,20.0
380,Italy,2020,21.0
705,Slovenia,2020,21.1
56,Belgium,2020,21.4
352,Iceland,2020,21.9
192,Cuba,2020,22.2
170,Colombia,2020,22.6
417,Kyrgyzstan,2020,22.9
862,Venezuela,2020,23.0
376,Israel,2020,23.2
246,Finland,2020,23.3
320,Guatemala,2020,23.6
276,Germany,2020,24.1
196,Cyprus,2020,24.5
688,Serbia,2020,24.9
218,Ecuador,2020,25.2
620,Portugal,2020,26.1
233,Estonia,2020,26.2
112,Belarus,2020,26.2
860,Uzbekistan,2020,26.3
328,Guyana,2020,26.5
51,Armenia,2020,26.5
76,Brazil,2020,26.7
124,Canada,2020,27.0
826,United Kingdom,2020,28.2
428,Latvia,2020,29.0
703,Slovakia,2020,29.0
710,South Africa,2020,29.3
372,Ireland,2020,29.9
600,Paraguay,2020,30.1
203,Czechia,2020,30.2
440,Lithuania,2020,30.3
616,Poland,2020,30.4
188,Costa Rica,2020,30.5
36,Australia,2020,30.7
558,Nicaragua,2020,30.9
300,Greece,2020,32.7
858,Uruguay,2020,32.8
792,Türkiye,2020,33.1
554,New Zealand,2020,33.4
191,Croatia,2020,33.7
32,Argentina,2020,33.9
470,Malta,2020,34.1
591,Panama,2020,34.1
484,Mexico,2020,34.6
348,Hungary,2020,35.1
48,Bahrain,2020,35.7
642,Romania,2020,35.7
268,Georgia,2020,37.2
152,Chile,2020,37.5
630,Puerto Rico,2020,39.8
392,Japan,2020,4.6
84,Belize,2020,40.3
634,Qatar,2020,41.8
840,USA,2020,41.8
414,Kuwait,2020,44.2
800,Uganda,2020,5.9
410,South Korea,2020,6.1
356,India,2020,6.4
156,China,2020,7.4
608,Philippines,2020,8.0
250,France (metropolitan),2019,11.6
702,Singapore,2019,11.7
764,Thailand,2019,13.1
756,Switzerland,2019,13.5
208,Denmark,2019,14.1
752,Sweden,2019,16.1
40,Austria,2019,16.4
528,The Netherlands,2019,16.5
480,Mauritius,2019,18.5
578,Norway,2019,19.0
442,Luxembourg,2019,19.9
724,Spain,2019,20.0
705,Slovenia,2019,20.7
380,Italy,2019,20.8
56,Belgium,2019,21.2
352,Iceland,2019,21.6
192,Cuba,2019,21.6
170,Colombia,2019,22.0
417,Kyrgyzstan,2019,22.1
320,Guatemala,2019,22.9
862,Venezuela,2019,23.0
376,Israel,2019,23.1
246,Finland,2019,23.1
276,Germany,2019,24.0
196,Cyprus,2019,24.1
688,Serbia,2019,24.4
218,Ecuador,2019,24.4
860,Uzbekistan,2019,25.2
620,Portugal,2019,25.6
328,Guyana,2019,25.6
76,Brazil,2019,25.6
51,Armenia,2019,25.8
233,Estonia,2019,25.9
112,Belarus,2019,25.9
124,Canada,2019,26.8
826,United Kingdom,2019,27.9
703,Slovakia,2019,28.2
428,Latvia,2019,28.6
710,South Africa,2019,28.8
600,Paraguay,2019,29.1
372,Ireland,2019,29.5
203,Czechia,2019,29.6
188,Costa Rica,2019,29.7
616,Poland,2019,29.7
440,Lithuania,2019,29.9
36,Australia,2019,30.1
558,Nicaragua,2019,30.2
858,Uruguay,2019,31.9
300,Greece,2019,32.2
792,Türkiye,2019,32.5
191,Croatia,2019,32.7
32,Argentina,2019,32.9
554,New Zealand,2019,32.9
591,Panama,2019,33.2
470,Malta,2019,33.9
484,Mexico,2019,33.9
348,Hungary,2019,34.2
642,Romania,2019,34.3
48,Bahrain,2019,34.9
268,Georgia,2019,36.2
152,Chile,2019,36.5
630,Puerto Rico,2019,39.2
84,Belize,2019,39.5
392,Japan,2019,4.5
634,Qatar,2019,40.7
840,USA,2019,41.3
414,Kuwait,2019,43.5
800,Uganda,2019,5.5
410,South Korea,2019,5.8
356,India,2019,6.1
156,China,2019,7.0
608,Philippines,2019,7.7
702,Singapore,2018,11.1
250,France (metropolitan),2018,11.8
764,Thailand,2018,12.6
756,Switzerland,2018,13.5
208,Denmark,2018,14.0
752,Sweden,2018,16.1
40,Austria,2018,16.3
528,The Netherlands,2018,16.4
480,Mauritius,2018,18.2
578,Norway,2018,18.7
442,Luxembourg,2018,19.9
724,Spain,2018,20.3
705,Slovenia,2018,20.3
380,Italy,2018,20.6
56,Belgium,2018,20.9
192,Cuba,2018,20.9
352,Iceland,2018,21.3
417,Kyrgyzstan,2018,21.4
170,Colombia,2018,21.4
320,Guatemala,2018,22.2
862,Venezuela,2018,22.9
246,Finland,2018,22.9
376,Israel,2018,23.0
218,Ecuador,2018,23.6
196,Cyprus,2018,23.9
688,Serbia,2018,23.9
276,Germany,2018,24.0
860,Uzbekistan,2018,24.1
76,Brazil,2018,24.6
328,Guyana,2018,24.9
51,Armenia,2018,25.1
620,Portugal,2018,25.2
233,Estonia,2018,25.7
112,Belarus,2018,25.7
124,Canada,2018,26.7
703,Slovakia,2018,27.4
826,United Kingdom,2018,27.7
428,Latvia,2018,28.2
600,Paraguay,2018,28.2
710,South Africa,2018,28.4
616,Poland,2018,28.9
188,Costa Rica,2018,29.0
203,Czechia,2018,29.0
372,Ireland,2018,29.1
558,Nicaragua,2018,29.4
440,Lithuania,2018,29.5
36,Australia,2018,29.6
858,Uruguay,2018,31.1
300,Greece,2018,31.6
191,Croatia,2018,31.8
792,Türkiye,2018,31.9
32,Argentina,2018,31.9
591,Panama,2018,32.2
554,New Zealand,2018,32.5
642,Romania,2018,32.8
484,Mexico,2018,33.2
348,Hungary,2018,33.4
470,Malta,2018,33.7
48,Bahrain,2018,34.2
268,Georgia,2018,35.3
152,Chile,2018,35.5
630,Puerto Rico,2018,38.7
84,Belize,2018,38.7
634,Qatar,2018,39.8
392,Japan,2018,4.4
840,USA,2018,40.8
414,Kuwait,2018,43.1
800,Uganda,2018,5.1
410,South Korea,2018,5.5
356,India,2018,5.7
156,China,2018,6.6
608,Philippines,2018,7.3
702,Singapore,2017,10.6
250,France (metropolitan),2017,12.0
764,Thailand,2017,12.2
756,Switzerland,2017,13.4
208,Denmark,2017,13.9
752,Sweden,2017,16.0
40,Austria,2017,16.1
528,The Netherlands,2017,16.3
480,Mauritius,2017,18.0
578,Norway,2017,18.5
442,Luxembourg,2017,19.9
705,Slovenia,2017,19.9
192,Cuba,2017,20.3
380,Italy,2017,20.4
724,Spain,2017,20.6
417,Kyrgyzstan,2017,20.7
56,Belgium,2017,20.7
170,Colombia,2017,20.9
352,Iceland,2017,21.1
320,Guatemala,2017,21.4
246,Finland,2017,22.7
376,Israel,2017,22.9
862,Venezuela,2017,22.9
218,Ecuador,2017,22.9
860,Uzbekistan,2017,23.0
688,Serbia,2017,23.4
196,Cyprus,2017,23.6
76,Brazil,2017,23.7
276,Germany,2017,24.0
328,Guyana,2017,24.4
51,Armenia,2017,24.4
620,Portugal,2017,24.7
233,Estonia,2017,25.4
112,Belarus,2017,25.5
124,Canada,2017,26.5
703,Slovakia,2017,26.6
600,Paraguay,2017,27.3
826,United Kingdom,2017,27.4
428,Latvia,2017,27.7
710,South Africa,2017,28.0
616,Poland,2017,28.2
188,Costa Rica,2017,28.3
203,Czechia,2017,28.4
558,Nicaragua,2017,28.7
372,Ireland,2017,28.7
440,Lithuania,2017,29.0
36,Australia,2017,29.1
858,Uruguay,2017,30.2
191,Croatia,2017,30.9
32,Argentina,2017,30.9
300,Greece,2017,31.1
591,Panama,2017,31.3
642,Romania,2017,31.3
792,Türkiye,2017,31.3
554,New Zealand,2017,32.1
484,Mexico,2017,32.5
348,Hungary,2017,32.6
470,Malta,2017,33.5
48,Bahrain,2017,33.7
268,Georgia,2017,34.4
152,Chile,2017,34.6
630,Puerto Rico,2017,38.0
84,Belize,2017,38.0
634,Qatar,2017,39.0
392,Japan,2017,4.2
800,Uganda,2017,4.8
840,USA,2017,40.2
414,Kuwait,2017,42.7
410,South Korea,2017,5.2
356,India,2017,5.4
156,China,2017,6.2
608,Philippines,2017,7.0
702,Singapore,2016,10.1
764,Thailand,2016,11.7
250,France (metropolitan),2016,12.3
756,Switzerland,2016,13.4
208,Denmark,2016,13.9
40,Austria,2016,15.9
752,Sweden,2016,15.9
528,The Netherlands,2016,16.2
480,Mauritius,2016,17.7
578,Norway,2016,18.3
705,Slovenia,2016,19.5
192,Cuba,2016,19.7
442,Luxembourg,2016,19.9
417,Kyrgyzstan,2016,20.0
380,Italy,2016,20.1
170,Colombia,2016,20.3
56,Belgium,2016,20.5
352,Iceland,2016,20.8
320,Guatemala,2016,20.8
724,Spain,2016,20.8
860,Uzbekistan,2016,22.0
218,Ecuador,2016,22.1
246,Finland,2016,22.5
76,Brazil,2016,22.7
376,Israel,2016,22.8
862,Venezuela,2016,22.8
688,Serbia,2016,22.9
196,Cyprus,2016,23.3
328,Guyana,2016,23.6
51,Armenia,2016,23.7
276,Germany,2016,24.0
620,Portugal,2016,24.2
233,Estonia,2016,25.1
112,Belarus,2016,25.2
703,Slovakia,2016,25.8
600,Paraguay,2016,26.4
124,Canada,2016,26.4
826,United Kingdom,2016,27.1
428,Latvia,2016,27.2
616,Poland,2016,27.4
710,South Africa,2016,27.5
188,Costa Rica,2016,27.6
203,Czechia,2016,27.8
558,Nicaragua,2016,28.0
372,Ireland,2016,28.2
440,Lithuania,2016,28.6
36,Australia,2016,28.7
858,Uruguay,2016,29.4
642,Romania,2016,29.9
191,Croatia,2016,30.0
32,Argentina,2016,30.0
591,Panama,2016,30.3
300,Greece,2016,30.6
792,Türkiye,2016,30.7
554,New Zealand,2016,31.7
484,Mexico,2016,31.7
348,Hungary,2016,31.8
48,Bahrain,2016,33.3
470,Malta,2016,33.4
268,Georgia,2016,33.4
152,Chile,2016,33.7
84,Belize,2016,37.2
630,Puerto Rico,2016,37.4
634,Qatar,2016,38.3
840,USA,2016,39.7
392,Japan,2016,4.1
800,Uganda,2016,4.5
410,South Korea,2016,4.9
414,Kuwait,2016,42.2
356,India,2016,5.1
156,China,2016,5.9
608,Philippines,2016,6.7
764,Thailand,2015,11.3
250,France (metropolitan),2015,12.5
756,Switzerland,2015,13.3
208,Denmark,2015,13.8
40,Austria,2015,15.8
752,Sweden,2015,15.9
528,The Netherlands,2015,16.1
480,Mauritius,2015,17.5
578,Norway,2015,18.0
192,Cuba,2015,19.1
705,Slovenia,2015,19.2
417,Kyrgyzstan,2015,19.3
170,Colombia,2015,19.7
442,Luxembourg,2015,19.9
380,Italy,2015,19.9
320,Guatemala,2015,20.1
56,Belgium,2015,20.3
352,Iceland,2015,20.5
860,Uzbekistan,2015,21.0
724,Spain,2015,21.1
218,Ecuador,2015,21.3
76,Brazil,2015,21.7
246,Finland,2015,22.3
688,Serbia,2015,22.5
376,Israel,2015,22.7
862,Venezuela,2015,22.7
328,Guyana,2015,22.9
196,Cyprus,2015,23.0
51,Armenia,2015,23.0
620,Portugal,2015,23.7
276,Germany,2015,23.9
112,Belarus,2015,24.9
233,Estonia,2015,24.9
703,Slovakia,2015,25.0
600,Paraguay,2015,25.5
124,Canada,2015,26.2
616,Poland,2015,26.7
428,Latvia,2015,26.8
188,Costa Rica,2015,26.9
826,United Kingdom,2015,26.9
710,South Africa,2015,27.1
203,Czechia,2015,27.2
558,Nicaragua,2015,27.3
372,Ireland,2015,27.8
440,Lithuania,2015,28.2
36,Australia,2015,28.2
858,Uruguay,2015,28.5
642,Romania,2015,28.5
32,Argentina,2015,29.0
191,Croatia,2015,29.1
591,Panama,2015,29.4
300,Greece,2015,30.1
792,Türkiye,2015,30.1
348,Hungary,2015,31.0
484,Mexico,2015,31.0
554,New Zealand,2015,31.3
268,Georgia,2015,32.4
152,Chile,2015,32.7
48,Bahrain,2015,32.8
470,Malta,2015,33.3
84,Belize,2015,36.5
630,Puerto Rico,2015,36.7
634,Qatar,2015,37.5
840,USA,2015,39.2
392,Japan,2015,4.0
800,Uganda,2015,4.2
410,South Korea,2015,4.7
356,India,2015,4.8
414,Kuwait,2015,41.7
156,China,2015,5.5
608,Philippines,2015,6.4
702,Singapore,2015,9.6
764,Thailand,2014,10.9
250,France (metropolitan),2014,12.7
756,Switzerland,2014,13.3
208,Denmark,2014,13.8
40,Austria,2014,15.7
752,Sweden,2014,15.8
528,The Netherlands,2014,16.0
480,Mauritius,2014,17.3
578,Norway,2014,17.8
192,Cuba,2014,18.5
417,Kyrgyzstan,2014,18.6
705,Slovenia,2014,18.9
170,Colombia,2014,19.1
320,Guatemala,2014,19.4
380,Italy,2014,19.7
442,Luxembourg,2014,19.9
860,Uzbekistan,2014,20.0
56,Belgium,2014,20.1
352,Iceland,2014,20.3
218,Ecuador,2014,20.6
76,Brazil,2014,20.8
724,Spain,2014,21.3
688,Serbia,2014,22.0
328,Guyana,2014,22.2
246,Finland,2014,22.2
51,Armenia,2014,22.4
376,Israel,2014,22.6
196,Cyprus,2014,22.7
862,Venezuela,2014,22.7
620,Portugal,2014,23.3
276,Germany,2014,23.9
703,Slovakia,2014,24.2
233,Estonia,2014,24.6
600,Paraguay,2014,24.7
112,Belarus,2014,24.7
616,Poland,2014,26.0
124,Canada,2014,26.0
188,Costa Rica,2014,26.2
428,Latvia,2014,26.3
558,Nicaragua,2014,26.5
203,Czechia,2014,26.6
826,United Kingdom,2014,26.6
710,South Africa,2014,26.9
642,Romania,2014,27.1
372,Ireland,2014,27.3
858,Uruguay,2014,27.7
36,Australia,2014,27.7
440,Lithuania,2014,27.8
32,Argentina,2014,28.1
191,Croatia,2014,28.2
591,Panama,2014,28.4
792,Türkiye,2014,29.6
300,Greece,2014,29.7
800,Uganda,2014,3.9
392,Japan,2014,3.9
348,Hungary,2014,30.1
484,Mexico,2014,30.3
554,New Zealand,2014,30.9
268,Georgia,2014,31.5
152,Chile,2014,31.8
48,Bahrain,2014,32.3
470,Malta,2014,33.2
84,Belize,2014,35.7
630,Puerto Rico,2014,36.1
634,Qatar,2014,36.7
840,USA,2014,38.6
356,India,2014,4.5
410,South Korea,2014,4.5
414,Kuwait,2014,41.2
156,China,2014,5.2
608,Philippines,2014,6.2
702,Singapore,2014,9.1
764,Thailand,2013,10.5
250,France (metropolitan),2013,12.9
756,Switzerland,2013,13.3
208,Denmark,2013,13.8
40,Austria,2013,15.6
752,Sweden,2013,15.8
528,The Netherlands,2013,15.9
480,Mauritius,2013,17.0
578,Norway,2013,17.6
192,Cuba,2013,17.9
417,Kyrgyzstan,2013,18.0
170,Colombia,2013,18.5
705,Slovenia,2013,18.6
320,Guatemala,2013,18.7
860,Uzbekistan,2013,19.0
380,Italy,2013,19.5
442,Luxembourg,2013,19.9
56,Belgium,2013,19.9
218,Ecuador,2013,19.9
76,Brazil,2013,19.9
352,Iceland,2013,20.0
724,Spain,2013,21.5
328,Guyana,2013,21.6
688,Serbia,2013,21.6
51,Armenia,2013,21.8
246,Finland,2013,22.0
196,Cyprus,2013,22.5
376,Israel,2013,22.5
862,Venezuela,2013,22.6
620,Portugal,2013,22.8
703,Slovakia,2013,23.5
600,Paraguay,2013,23.9
276,Germany,2013,23.9
233,Estonia,2013,24.3
112,Belarus,2013,24.4
188,Costa Rica,2013,25.4
616,Poland,2013,25.4
558,Nicaragua,2013,25.8
428,Latvia,2013,25.8
642,Romania,2013,25.8
124,Canada,2013,25.9
203,Czechia,2013,26.0
826,United Kingdom,2013,26.4
710,South Africa,2013,26.6
372,Ireland,2013,26.8
858,Uruguay,2013,27.0
32,Argentina,2013,27.2
36,Australia,2013,27.3
440,Lithuania,2013,27.4
191,Croatia,2013,27.4
591,Panama,2013,27.5
792,Türkiye,2013,29.1
300,Greece,2013,29.2
348,Hungary,2013,29.4
484,Mexico,2013,29.5
800,Uganda,2013,3.7
392,Japan,2013,3.8
268,Georgia,2013,30.4
554,New Zealand,2013,30.5
152,Chile,2013,30.9
48,Bahrain,2013,31.7
470,Malta,2013,33.1
84,Belize,2013,35.0
630,Puerto Rico,2013,35.4
634,Qatar,2013,36.0
840,USA,2013,38.1
356,India,2013,4.2
410,South Korea,2013,4.3
156,China,2013,4.9
414,Kuwait,2013,40.6
608,Philippines,2013,5.9
702,Singapore,2013,8.7
764,Thailand,2012,10.1
250,France (metropolitan),2012,13.2
756,Switzerland,2012,13.3
208,Denmark,2012,13.7
40,Austria,2012,15.5
752,Sweden,2012,15.8
528,The Netherlands,2012,15.9
480,Mauritius,2012,16.8
417,Kyrgyzstan,2012,17.3
192,Cuba,2012,17.3
578,Norway,2012,17.4
170,Colombia,2012,17.8
860,Uzbekistan,2012,18.1
320,Guatemala,2012,18.1
705,Slovenia,2012,18.4
76,Brazil,2012,19.0
218,Ecuador,2012,19.2
380,Italy,2012,19.3
56,Belgium,2012,19.7
352,Iceland,2012,19.8
442,Luxembourg,2012,19.9
328,Guyana,2012,20.9
51,Armenia,2012,21.2
688,Serbia,2012,21.2
724,Spain,2012,21.7
246,Finland,2012,21.9
196,Cyprus,2012,22.2
620,Portugal,2012,22.3
862,Venezuela,2012,22.4
376,Israel,2012,22.4
703,Slovakia,2012,22.8
600,Paraguay,2012,23.1
276,Germany,2012,23.9
233,Estonia,2012,24.0
112,Belarus,2012,24.1
642,Romania,2012,24.5
188,Costa Rica,2012,24.7
616,Poland,2012,24.7
558,Nicaragua,2012,25.1
428,Latvia,2012,25.4
203,Czechia,2012,25.5
124,Canada,2012,25.7
858,Uruguay,2012,26.2
826,United Kingdom,2012,26.2
710,South Africa,2012,26.3
372,Ireland,2012,26.4
32,Argentina,2012,26.4
591,Panama,2012,26.5
191,Croatia,2012,26.5
36,Australia,2012,26.8
440,Lithuania,2012,27.0
348,Hungary,2012,28.6
300,Greece,2012,28.7
792,Türkiye,2012,28.7
484,Mexico,2012,28.7
268,Georgia,2012,29.4
800,Uganda,2012,3.5
392,Japan,2012,3.7
152,Chile,2012,30.0
554,New Zealand,2012,30.0
48,Bahrain,2012,31.1
470,Malta,2012,33.0
84,Belize,2012,34.3
630,Puerto Rico,2012,34.8
634,Qatar,2012,35.3
840,USA,2012,37.6
414,Kuwait,2012,39.9
356,India,2012,4.0
410,South Korea,2012,4.1
156,China,2012,4.6
608,Philippines,2012,5.7
702,Singapore,2012,8.3
756,Switzerland,2011,13.3
250,France (metropolitan),2011,13.4
208,Denmark,2011,13.7
40,Austria,2011,15.5
752,Sweden,2011,15.7
528,The Netherlands,2011,15.8
480,Mauritius,2011,16.6
417,Kyrgyzstan,2011,16.8
192,Cuba,2011,16.8
578,Norway,2011,17.2
860,Uzbekistan,2011,17.2
170,Colombia,2011,17.2
320,Guatemala,2011,17.4
705,Slovenia,2011,18.1
76,Brazil,2011,18.2
218,Ecuador,2011,18.5
380,Italy,2011,19.1
352,Iceland,2011,19.5
56,Belgium,2011,19.5
442,Luxembourg,2011,19.9
328,Guyana,2011,20.3
51,Armenia,2011,20.7
688,Serbia,2011,20.8
246,Finland,2011,21.7
724,Spain,2011,21.8
620,Portugal,2011,21.9
196,Cyprus,2011,22.0
703,Slovakia,2011,22.1
862,Venezuela,2011,22.2
600,Paraguay,2011,22.3
376,Israel,2011,22.3
642,Romania,2011,23.2
233,Estonia,2011,23.7
112,Belarus,2011,23.8
276,Germany,2011,23.9
188,Costa Rica,2011,24.0
616,Poland,2011,24.1
558,Nicaragua,2011,24.4
428,Latvia,2011,24.9
203,Czechia,2011,25.0
858,Uruguay,2011,25.5
124,Canada,2011,25.5
591,Panama,2011,25.6
32,Argentina,2011,25.6
191,Croatia,2011,25.7
372,Ireland,2011,25.8
826,United Kingdom,2011,25.9
710,South Africa,2011,26.0
36,Australia,2011,26.4
440,Lithuania,2011,26.6
348,Hungary,2011,27.8
484,Mexico,2011,28.0
300,Greece,2011,28.1
792,Türkiye,2011,28.2
268,Georgia,2011,28.5
152,Chile,2011,29.1
554,New Zealand,2011,29.6
800,Uganda,2011,3.3
392,Japan,2011,3.6
356,India,2011,3.7
410,South Korea,2011,3.9
48,Bahrain,2011,30.6
470,Malta,2011,32.9
84,Belize,2011,33.6
630,Puerto Rico,2011,34.1
634,Qatar,2011,34.5
840,USA,2011,37.0
414,Kuwait,2011,39.2
156,China,2011,4.3
608,Philippines,2011,5.4
702,Singapore,2011,7.9
764,Thailand,2011,9.7
756,Switzerland,2010,13.3
250,France (metropolitan),2010,13.5
208,Denmark,2010,13.7
40,Austria,2010,15.4
528,The Netherlands,2010,15.6
752,Sweden,2010,15.7
417,Kyrgyzstan,2010,16.2
192,Cuba,2010,16.2
480,Mauritius,2010,16.4
860,Uzbekistan,2010,16.4
170,Colombia,2010,16.6
320,Guatemala,2010,16.8
578,Norway,2010,16.9
76,Brazil,2010,17.4
218,Ecuador,2010,17.9
705,Slovenia,2010,17.9
380,Italy,2010,18.9
352,Iceland,2010,19.2
56,Belgium,2010,19.3
328,Guyana,2010,19.7
442,Luxembourg,2010,19.9
51,Armenia,2010,20.1
688,Serbia,2010,20.4
703,Slovakia,2010,21.4
620,Portugal,2010,21.4
246,Finland,2010,21.5
600,Paraguay,2010,21.6
196,Cyprus,2010,21.8
642,Romania,2010,21.9
724,Spain,2010,21.9
862,Venezuela,2010,22.0
376,Israel,2010,22.2
188,Costa Rica,2010,23.3
233,Estonia,2010,23.4
616,Poland,2010,23.5
112,Belarus,2010,23.6
558,Nicaragua,2010,23.7
276,Germany,2010,23.8
428,Latvia,2010,24.5
203,Czechia,2010,24.5
591,Panama,2010,24.6
858,Uruguay,2010,24.7
32,Argentina,2010,24.8
191,Croatia,2010,24.9
372,Ireland,2010,25.3
124,Canada,2010,25.3
710,South Africa,2010,25.6
826,United Kingdom,2010,25.6
36,Australia,2010,26.0
440,Lithuania,2010,26.3
348,Hungary,2010,26.9
484,Mexico,2010,27.2
268,Georgia,2010,27.5
300,Greece,2010,27.6
792,Türkiye,2010,27.6
152,Chile,2010,28.2
554,New Zealand,2010,29.1
800,Uganda,2010,3.1
356,India,2010,3.5
392,Japan,2010,3.5
410,South Korea,2010,3.7
48,Bahrain,2010,30.0
470,Malta,2010,32.7
84,Belize,2010,32.9
630,Puerto Rico,2010,33.5
634,Qatar,2010,33.6
840,USA,2010,36.5
414,Kuwait,2010,38.6
156,China,2010,4.0
608,Philippines,2010,5.2
702,Singapore,2010,7.5
764,Thailand,2010,9.3
756,Switzerland,2009,13.3
208,Denmark,2009,13.6
250,France (metropolitan),2009,13.7
40,Austria,2009,15.2
528,The Netherlands,2009,15.5
417,Kyrgyzstan,2009,15.6
860,Uzbekistan,2009,15.6
752,Sweden,2009,15.6
192,Cuba,2009,15.7
170,Colombia,2009,15.9
480,Mauritius,2009,16.1
320,Guatemala,2009,16.2
76,Brazil,2009,16.6
578,Norway,2009,16.7
218,Ecuador,2009,17.2
705,Slovenia,2009,17.7
380,Italy,2009,18.6
352,Iceland,2009,18.8
328,Guyana,2009,19.1
56,Belgium,2009,19.1
51,Armenia,2009,19.6
442,Luxembourg,2009,19.9
800,Uganda,2009,2.9
688,Serbia,2009,20.0
642,Romania,2009,20.7
703,Slovakia,2009,20.8
600,Paraguay,2009,20.9
620,Portugal,2009,20.9
246,Finland,2009,21.4
196,Cyprus,2009,21.5
862,Venezuela,2009,21.8
724,Spain,2009,21.9
376,Israel,2009,22.0
188,Costa Rica,2009,22.6
616,Poland,2009,22.8
558,Nicaragua,2009,23.0
233,Estonia,2009,23.0
112,Belarus,2009,23.3
591,Panama,2009,23.7
276,Germany,2009,23.7
428,Latvia,2009,24.0
858,Uruguay,2009,24.1
32,Argentina,2009,24.1
191,Croatia,2009,24.1
203,Czechia,2009,24.1
372,Ireland,2009,24.7
124,Canada,2009,25.0
710,South Africa,2009,25.3
826,United Kingdom,2009,25.3
36,Australia,2009,25.5
440,Lithuania,2009,25.8
348,Hungary,2009,26.2
484,Mexico,2009,26.5
268,Georgia,2009,26.6
300,Greece,2009,27.0
792,Türkiye,2009,27.1
152,Chile,2009,27.4
554,New Zealand,2009,28.5
48,Bahrain,2009,29.3
356,India,2009,3.3
392,Japan,2009,3.4
410,South Korea,2009,3.6
156,China,2009,3.8
84,Belize,2009,32.1
470,Malta,2009,32.4
634,Qatar,2009,32.5
630,Puerto Rico,2009,32.8
840,USA,2009,35.8
414,Kuwait,2009,38.2
608,Philippines,2009,5.0
702,Singapore,2009,7.2
764,Thailand,2009,8.9
756,Switzerland,2008,13.3
208,Denmark,2008,13.5
250,France (metropolitan),2008,13.7
860,Uzbekistan,2008,14.8
417,Kyrgyzstan,2008,15.1
40,Austria,2008,15.1
192,Cuba,2008,15.1
528,The Netherlands,2008,15.3
170,Colombia,2008,15.3
752,Sweden,2008,15.5
320,Guatemala,2008,15.6
480,Mauritius,2008,15.8
76,Brazil,2008,15.9
578,Norway,2008,16.3
218,Ecuador,2008,16.6
705,Slovenia,2008,17.5
380,Italy,2008,18.4
328,Guyana,2008,18.5
352,Iceland,2008,18.5
56,Belgium,2008,18.9
51,Armenia,2008,19.1
642,Romania,2008,19.6
688,Serbia,2008,19.6
442,Luxembourg,2008,19.8
800,Uganda,2008,2.7
703,Slovakia,2008,20.1
600,Paraguay,2008,20.3
620,Portugal,2008,20.4
246,Finland,2008,21.2
196,Cyprus,2008,21.3
862,Venezuela,2008,21.5
376,Israel,2008,21.7
188,Costa Rica,2008,21.9
724,Spain,2008,21.9
616,Poland,2008,22.2
558,Nicaragua,2008,22.3
233,Estonia,2008,22.7
591,Panama,2008,22.8
112,Belarus,2008,23.0
191,Croatia,2008,23.2
32,Argentina,2008,23.3
858,Uruguay,2008,23.4
276,Germany,2008,23.5
428,Latvia,2008,23.6
203,Czechia,2008,23.7
372,Ireland,2008,24.1
124,Canada,2008,24.7
710,South Africa,2008,24.9
826,United Kingdom,2008,24.9
36,Australia,2008,25.1
440,Lithuania,2008,25.4
348,Hungary,2008,25.5
268,Georgia,2008,25.8
484,Mexico,2008,25.8
300,Greece,2008,26.4
152,Chile,2008,26.6
792,Türkiye,2008,26.6
554,New Zealand,2008,27.9
48,Bahrain,2008,28.6
356,India,2008,3.1
392,Japan,2008,3.3
410,South Korea,2008,3.4
156,China,2008,3.6
84,Belize,2008,31.3
634,Qatar,2008,31.6
470,Malta,2008,32.1
630,Puerto Rico,2008,32.2
840,USA,2008,35.1
414,Kuwait,2008,37.9
608,Philippines,2008,4.8
702,Singapore,2008,6.8
764,Thailand,2008,8.6
756,Switzerland,2007,13.2
208,Denmark,2007,13.4
250,France (metropolitan),2007,13.8
860,Uzbekistan,2007,14.1
417,Kyrgyzstan,2007,14.6
192,Cuba,2007,14.6
170,Colombia,2007,14.7
40,Austria,2007,14.9
320,Guatemala,2007,15.0
528,The Netherlands,2007,15.1
752,Sweden,2007,15.3
76,Brazil,2007,15.3
480,Mauritius,2007,15.5
578,Norway,2007,16.0
218,Ecuador,2007,16.0
705,Slovenia,2007,17.3
328,Guyana,2007,17.9
380,Italy,2007,18.1
352,Iceland,2007,18.2
642,Romania,2007,18.4
51,Armenia,2007,18.6
56,Belgium,2007,18.6
688,Serbia,2007,19.3
703,Slovakia,2007,19.5
600,Paraguay,2007,19.6
442,Luxembourg,2007,19.6
620,Portugal,2007,19.9
800,Uganda,2007,2.6
356,India,2007,2.9
246,Finland,2007,20.9
196,Cyprus,2007,21.0
862,Venezuela,2007,21.2
188,Costa Rica,2007,21.3
376,Israel,2007,21.4
616,Poland,2007,21.6
558,Nicaragua,2007,21.7
724,Spain,2007,21.8
591,Panama,2007,22.0
233,Estonia,2007,22.3
191,Croatia,2007,22.4
112,Belarus,2007,22.6
32,Argentina,2007,22.6
858,Uruguay,2007,22.7
428,Latvia,2007,23.1
203,Czechia,2007,23.3
276,Germany,2007,23.3
372,Ireland,2007,23.6
124,Canada,2007,24.4
710,South Africa,2007,24.5
826,United Kingdom,2007,24.5
36,Australia,2007,24.6
348,Hungary,2007,24.7
268,Georgia,2007,24.9
440,Lithuania,2007,25.0
484,Mexico,2007,25.0
300,Greece,2007,25.8
152,Chile,2007,25.8
792,Türkiye,2007,26.1
554,New Zealand,2007,27.3
48,Bahrain,2007,28.0
392,Japan,2007,3.3
156,China,2007,3.3
410,South Korea,2007,3.3
84,Belize,2007,30.5
634,Qatar,2007,31.0
630,Puerto Rico,2007,31.4
470,Malta,2007,31.7
840,USA,2007,34.4
414,Kuwait,2007,37.6
608,Philippines,2007,4.5
702,Singapore,2007,6.5
764,Thailand,2007,8.2
756,Switzerland,2006,13.1
208,Denmark,2006,13.2
860,Uzbekistan,2006,13.4
250,France (metropolitan),2006,13.8
192,Cuba,2006,14.0
417,Kyrgyzstan,2006,14.1
170,Colombia,2006,14.1
320,Guatemala,2006,14.4
40,Austria,2006,14.7
76,Brazil,2006,14.7
528,The Netherlands,2006,14.8
480,Mauritius,2006,15.1
752,Sweden,2006,15.2
218,Ecuador,2006,15.5
578,Norway,2006,15.6
705,Slovenia,2006,17.1
328,Guyana,2006,17.3
642,Romania,2006,17.4
380,Italy,2006,17.7
352,Iceland,2006,17.8
51,Armenia,2006,18.1
56,Belgium,2006,18.3
703,Slovakia,2006,18.9
688,Serbia,2006,18.9
600,Paraguay,2006,19.0
442,Luxembourg,2006,19.4
620,Portugal,2006,19.4
800,Uganda,2006,2.4
356,India,2006,2.7
188,Costa Rica,2006,20.6
246,Finland,2006,20.6
196,Cyprus,2006,20.7
862,Venezuela,2006,20.9
558,Nicaragua,2006,21.0
616,Poland,2006,21.0
591,Panama,2006,21.1
376,Israel,2006,21.1
191,Croatia,2006,21.6
724,Spain,2006,21.7
233,Estonia,2006,21.8
32,Argentina,2006,22.0
858,Uruguay,2006,22.1
112,Belarus,2006,22.3
428,Latvia,2006,22.7
203,Czechia,2006,22.9
276,Germany,2006,23.0
372,Ireland,2006,23.1
348,Hungary,2006,24.0
124,Canada,2006,24.0
36,Australia,2006,24.0
710,South Africa,2006,24.0
826,United Kingdom,2006,24.0
268,Georgia,2006,24.1
484,Mexico,2006,24.3
440,Lithuania,2006,24.6
300,Greece,2006,25.1
152,Chile,2006,25.1
792,Türkiye,2006,25.5
554,New Zealand,2006,26.6
48,Bahrain,2006,27.4
84,Belize,2006,29.7
156,China,2006,3.1
410,South Korea,2006,3.1
392,Japan,2006,3.2
634,Qatar,2006,30.7
630,Puerto Rico,2006,30.7
470,Malta,2006,31.3
840,USA,2006,33.6
414,Kuwait,2006,37.2
608,Philippines,2006,4.3
702,Singapore,2006,6.2
764,Thailand,2006,7.8
860,Uzbekistan,2005,12.7
756,Switzerland,2005,13.0
208,Denmark,2005,13.0
192,Cuba,2005,13.5
417,Kyrgyzstan,2005,13.6
170,Colombia,2005,13.6
250,France (metropolitan),2005,13.8
320,Guatemala,2005,13.9
76,Brazil,2005,14.1
40,Austria,2005,14.5
528,The Netherlands,2005,14.5
480,Mauritius,2005,14.7
218,Ecuador,2005,14.9
752,Sweden,2005,14.9
578,Norway,2005,15.2
642,Romania,2005,16.4
328,Guyana,2005,16.6
705,Slovenia,2005,16.9
352,Iceland,2005,17.4
380,Italy,2005,17.4
51,Armenia,2005,17.7
56,Belgium,2005,18.0
600,Paraguay,2005,18.4
703,Slovakia,2005,18.4
688,Serbia,2005,18.5
620,Portugal,2005,18.9
442,Luxembourg,2005,19.2
188,Costa Rica,2005,19.9
800,Uganda,2005,2.3
356,India,2005,2.5
156,China,2005,2.9
558,Nicaragua,2005,20.3
591,Panama,2005,20.3
246,Finland,2005,20.3
196,Cyprus,2005,20.4
862,Venezuela,2005,20.5
616,Poland,2005,20.5
376,Israel,2005,20.7
191,Croatia,2005,20.8
32,Argentina,2005,21.3
233,Estonia,2005,21.4
858,Uruguay,2005,21.5
724,Spain,2005,21.5
112,Belarus,2005,22.0
428,Latvia,2005,22.2
203,Czechia,2005,22.6
372,Ireland,2005,22.6
276,Germany,2005,22.7
268,Georgia,2005,23.3
348,Hungary,2005,23.3
36,Australia,2005,23.5
124,Canada,2005,23.5
710,South Africa,2005,23.5
826,United Kingdom,2005,23.5
484,Mexico,2005,23.6
440,Lithuania,2005,24.2
152,Chile,2005,24.3
300,Greece,2005,24.4
792,Türkiye,2005,25.0
554,New Zealand,2005,25.9
48,Bahrain,2005,27.0
84,Belize,2005,28.8
630,Puerto Rico,2005,29.9
410,South Korea,2005,3.0
392,Japan,2005,3.1
634,Qatar,2005,30.5
470,Malta,2005,30.8
840,USA,2005,32.7
414,Kuwait,2005,36.9
608,Philippines,2005,4.1
702,Singapore,2005,5.9
764,Thailand,2005,7.5
860,Uzbekistan,2004,12.1
756,Switzerland,2004,12.8
208,Denmark,2004,12.8
192,Cuba,2004,13.0
170,Colombia,2004,13.0
417,Kyrgyzstan,2004,13.1
320,Guatemala,2004,13.3
76,Brazil,2004,13.5
250,France (metropolitan),2004,13.7
528,The Netherlands,2004,14.1
40,Austria,2004,14.2
480,Mauritius,2004,14.3
218,Ecuador,2004,14.4
752,Sweden,2004,14.7
578,Norway,2004,14.8
642,Romania,2004,15.5
328,Guyana,2004,16.0
705,Slovenia,2004,16.6
352,Iceland,2004,16.9
380,Italy,2004,17.0
51,Armenia,2004,17.2
56,Belgium,2004,17.7
600,Paraguay,2004,17.8
703,Slovakia,2004,17.8
688,Serbia,2004,18.2
620,Portugal,2004,18.4
442,Luxembourg,2004,18.9
188,Costa Rica,2004,19.3
591,Panama,2004,19.5
558,Nicaragua,2004,19.6
616,Poland,2004,19.9
800,Uganda,2004,2.1
356,India,2004,2.3
156,China,2004,2.7
410,South Korea,2004,2.8
196,Cyprus,2004,20.0
246,Finland,2004,20.0
862,Venezuela,2004,20.1
191,Croatia,2004,20.1
376,Israel,2004,20.3
32,Argentina,2004,20.7
858,Uruguay,2004,20.8
233,Estonia,2004,20.9
724,Spain,2004,21.3
112,Belarus,2004,21.7
428,Latvia,2004,21.8
372,Ireland,2004,22.1
203,Czechia,2004,22.3
276,Germany,2004,22.3
268,Georgia,2004,22.6
348,Hungary,2004,22.6
36,Australia,2004,22.9
484,Mexico,2004,22.9
826,United Kingdom,2004,22.9
710,South Africa,2004,23.0
124,Canada,2004,23.1
152,Chile,2004,23.5
300,Greece,2004,23.7
440,Lithuania,2004,23.8
792,Türkiye,2004,24.4
554,New Zealand,2004,25.2
48,Bahrain,2004,26.5
84,Belize,2004,27.9
630,Puerto Rico,2004,29.1
634,Qatar,2004,29.9
392,Japan,2004,3.0
608,Philippines,2004,3.9
470,Malta,2004,30.3
840,USA,2004,31.8
414,Kuwait,2004,36.3
702,Singapore,2004,5.7
764,Thailand,2004,7.1
860,Uzbekistan,2003,11.5
192,Cuba,2003,12.5
170,Colombia,2003,12.5
208,Denmark,2003,12.5
417,Kyrgyzstan,2003,12.6
756,Switzerland,2003,12.6
320,Guatemala,2003,12.8
76,Brazil,2003,13.0
250,France (metropolitan),2003,13.6
528,The Netherlands,2003,13.8
218,Ecuador,2003,13.9
480,Mauritius,2003,13.9
40,Austria,2003,13.9
578,Norway,2003,14.3
752,Sweden,2003,14.3
642,Romania,2003,14.6
328,Guyana,2003,15.4
352,Iceland,2003,16.4
705,Slovenia,2003,16.4
380,Italy,2003,16.7
51,Armenia,2003,16.8
600,Paraguay,2003,17.2
703,Slovakia,2003,17.3
56,Belgium,2003,17.4
620,Portugal,2003,17.8
688,Serbia,2003,17.8
442,Luxembourg,2003,18.6
188,Costa Rica,2003,18.6
591,Panama,2003,18.7
558,Nicaragua,2003,18.9
191,Croatia,2003,19.4
616,Poland,2003,19.4
196,Cyprus,2003,19.6
862,Venezuela,2003,19.7
246,Finland,2003,19.7
376,Israel,2003,19.9
800,Uganda,2003,2.0
356,India,2003,2.1
156,China,2003,2.6
410,South Korea,2003,2.7
392,Japan,2003,2.9
32,Argentina,2003,20.0
858,Uruguay,2003,20.2
233,Estonia,2003,20.4
724,Spain,2003,21.0
112,Belarus,2003,21.3
428,Latvia,2003,21.3
372,Ireland,2003,21.5
268,Georgia,2003,21.8
348,Hungary,2003,21.8
276,Germany,2003,21.9
203,Czechia,2003,22.1
484,Mexico,2003,22.2
36,Australia,2003,22.3
826,United Kingdom,2003,22.3
710,South Africa,2003,22.5
124,Canada,2003,22.6
152,Chile,2003,22.7
300,Greece,2003,23.0
440,Lithuania,2003,23.4
792,Türkiye,2003,23.8
554,New Zealand,2003,24.4
48,Bahrain,2003,26.0
84,Belize,2003,27.1
630,Puerto Rico,2003,28.3
634,Qatar,2003,29.0
470,Malta,2003,29.8
608,Philippines,2003,3.7
840,USA,2003,30.9
414,Kuwait,2003,35.7
702,Singapore,2003,5.4
764,Thailand,2003,6.8
800,Uganda,2002,1.9
860,Uzbekistan,2002,10.9
192,Cuba,2002,11.9
170,Colombia,2002,11.9
417,Kyrgyzstan,2002,12.2
208,Denmark,2002,12.2
320,Guatemala,2002,12.3
756,Switzerland,2002,12.4
76,Brazil,2002,12.5
218,Ecuador,2002,13.4
480,Mauritius,2002,13.4
528,The Netherlands,2002,13.4
250,France (metropolitan),2002,13.4
40,Austria,2002,13.6
642,Romania,2002,13.8
578,Norway,2002,13.8
752,Sweden,2002,14.0
328,Guyana,2002,14.7
352,Iceland,2002,15.9
705,Slovenia,2002,16.1
51,Armenia,2002,16.3
380,Italy,2002,16.3
600,Paraguay,2002,16.7
703,Slovakia,2002,16.8
56,Belgium,2002,17.0
620,Portugal,2002,17.3
688,Serbia,2002,17.5
188,Costa Rica,2002,18.0
591,Panama,2002,18.0
558,Nicaragua,2002,18.2
442,Luxembourg,2002,18.2
191,Croatia,2002,18.7
616,Poland,2002,18.9
196,Cyprus,2002,19.2
862,Venezuela,2002,19.2
246,Finland,2002,19.3
32,Argentina,2002,19.4
376,Israel,2002,19.5
858,Uruguay,2002,19.6
233,Estonia,2002,19.8
356,India,2002,2.0
156,China,2002,2.4
410,South Korea,2002,2.6
392,Japan,2002,2.8
724,Spain,2002,20.6
428,Latvia,2002,20.8
372,Ireland,2002,20.8
112,Belarus,2002,21.0
268,Georgia,2002,21.1
348,Hungary,2002,21.1
276,Germany,2002,21.4
484,Mexico,2002,21.5
36,Australia,2002,21.6
826,United Kingdom,2002,21.6
203,Czechia,2002,21.8
710,South Africa,2002,21.9
152,Chile,2002,22.0
124,Canada,2002,22.0
300,Greece,2002,22.4
440,Lithuania,2002,23.0
792,Türkiye,2002,23.2
554,New Zealand,2002,23.6
48,Bahrain,2002,25.3
84,Belize,2002,26.2
630,Puerto Rico,2002,27.5
634,Qatar,2002,28.0
470,Malta,2002,29.3
840,USA,2002,29.9
608,Philippines,2002,3.5
414,Kuwait,2002,35.0
702,Singapore,2002,5.2
764,Thailand,2002,6.5
800,Uganda,2001,1.7
356,India,2001,1.8
860,Uzbekistan,2001,10.4
192,Cuba,2001,11.4
170,Colombia,2001,11.4
417,Kyrgyzstan,2001,11.7
320,Guatemala,2001,11.7
208,Denmark,2001,11.9
76,Brazil,2001,12.1
756,Switzerland,2001,12.2
218,Ecuador,2001,12.9
480,Mauritius,2001,12.9
528,The Netherlands,2001,13.0
642,Romania,2001,13.1
578,Norway,2001,13.3
40,Austria,2001,13.3
250,France (metropolitan),2001,13.3
752,Sweden,2001,13.6
328,Guyana,2001,14.1
352,Iceland,2001,15.3
51,Armenia,2001,15.8
705,Slovenia,2001,15.8
380,Italy,2001,16.0
600,Paraguay,2001,16.1
703,Slovakia,2001,16.4
56,Belgium,2001,16.7
620,Portugal,2001,16.8
591,Panama,2001,17.2
688,Serbia,2001,17.2
188,Costa Rica,2001,17.3
558,Nicaragua,2001,17.5
442,Luxembourg,2001,17.8
191,Croatia,2001,18.0
616,Poland,2001,18.3
196,Cyprus,2001,18.7
862,Venezuela,2001,18.7
32,Argentina,2001,18.8
246,Finland,2001,18.9
858,Uruguay,2001,19.0
376,Israel,2001,19.0
233,Estonia,2001,19.3
156,China,2001,2.3
410,South Korea,2001,2.5
392,Japan,2001,2.7
372,Ireland,2001,20.2
724,Spain,2001,20.2
268,Georgia,2001,20.4
428,Latvia,2001,20.4
348,Hungary,2001,20.4
112,Belarus,2001,20.7
484,Mexico,2001,20.7
826,United Kingdom,2001,20.8
36,Australia,2001,20.9
276,Germany,2001,20.9
152,Chile,2001,21.2
710,South Africa,2001,21.3
124,Canada,2001,21.5
203,Czechia,2001,21.6
300,Greece,2001,21.7
792,Türkiye,2001,22.6
440,Lithuania,2001,22.7
554,New Zealand,2001,22.7
48,Bahrain,2001,24.5
84,Belize,2001,25.2
630,Puerto Rico,2001,26.6
634,Qatar,2001,27.1
470,Malta,2001,28.8
840,USA,2001,28.9
608,Philippines,2001,3.3
414,Kuwait,2001,34.4
702,Singapore,2001,5.0
764,Thailand,2001,6.2
800,Uganda,2000,1.6
356,India,2000,1.7
192,Cuba,2000,10.8
170,Colombia,2000,10.9
320,Guatemala,2000,11.2
417,Kyrgyzstan,2000,11.3
208,Denmark,2000,11.6
76,Brazil,2000,11.6
756,Switzerland,2000,12.0
218,Ecuador,2000,12.4
642,Romania,2000,12.5
480,Mauritius,2000,12.5
528,The Netherlands,2000,12.5
578,Norway,2000,12.8
40,Austria,2000,13.0
250,France (metropolitan),2000,13.1
752,Sweden,2000,13.3
328,Guyana,2000,13.4
352,Iceland,2000,14.8
51,Armenia,2000,15.3
600,Paraguay,2000,15.5
705,Slovenia,2000,15.5
380,Italy,2000,15.6
703,Slovakia,2000,15.9
56,Belgium,2000,16.3
591,Panama,2000,16.4
620,Portugal,2000,16.4
188,Costa Rica,2000,16.7
558,Nicaragua,2000,16.8
688,Serbia,2000,16.8
191,Croatia,2000,17.4
442,Luxembourg,2000,17.5
616,Poland,2000,17.9
862,Venezuela,2000,18.2
32,Argentina,2000,18.2
196,Cyprus,2000,18.3
858,Uruguay,2000,18.4
376,Israel,2000,18.5
246,Finland,2000,18.5
233,Estonia,2000,18.7
372,Ireland,2000,19.5
268,Georgia,2000,19.7
348,Hungary,2000,19.7
724,Spain,2000,19.8
428,Latvia,2000,19.9
156,China,2000,2.2
410,South Korea,2000,2.3
392,Japan,2000,2.6
484,Mexico,2000,20.0
826,United Kingdom,2000,20.1
36,Australia,2000,20.2
112,Belarus,2000,20.3
152,Chile,2000,20.3
276,Germany,2000,20.4
710,South Africa,2000,20.7
124,Canada,2000,20.9
300,Greece,2000,21.1
203,Czechia,2000,21.4
554,New Zealand,2000,21.8
792,Türkiye,2000,21.9
440,Lithuania,2000,22.3
48,Bahrain,2000,23.6
84,Belize,2000,24.3
630,Puerto Rico,2000,25.7
634,Qatar,2000,26.2
840,USA,2000,27.9
470,Malta,2000,28.3
608,Philippines,2000,3.2
414,Kuwait,2000,33.7
702,Singapore,2000,4.8
764,Thailand,2000,5.9
860,Uzbekistan,2000,9.9
800,Uganda,1999,1.5
356,India,1999,1.5
192,Cuba,1999,10.3
170,Colombia,1999,10.4
320,Guatemala,1999,10.7
417,Kyrgyzstan,1999,10.9
76,Brazil,1999,11.1
208,Denmark,1999,11.2
756,Switzerland,1999,11.8
218,Ecuador,1999,11.9
642,Romania,1999,11.9
480,Mauritius,1999,12.0
528,The Netherlands,1999,12.1
578,Norway,1999,12.3
40,Austria,1999,12.7
328,Guyana,1999,12.8
752,Sweden,1999,12.8
250,France (metropolitan),1999,12.9
352,Iceland,1999,14.3
600,Paraguay,1999,14.9
51,Armenia,1999,14.9
705,Slovenia,1999,15.1
380,Italy,1999,15.2
703,Slovakia,1999,15.5
591,Panama,1999,15.7
620,Portugal,1999,15.9
56,Belgium,1999,15.9
188,Costa Rica,1999,16.0
558,Nicaragua,1999,16.1
688,Serbia,1999,16.5
191,Croatia,1999,16.8
442,Luxembourg,1999,17.2
616,Poland,1999,17.4
862,Venezuela,1999,17.6
32,Argentina,1999,17.6
858,Uruguay,1999,17.8
196,Cyprus,1999,17.9
376,Israel,1999,18.0
246,Finland,1999,18.1
233,Estonia,1999,18.2
372,Ireland,1999,18.8
268,Georgia,1999,19.0
348,Hungary,1999,19.0
484,Mexico,1999,19.2
724,Spain,1999,19.3
826,United Kingdom,1999,19.3
428,Latvia,1999,19.4
36,Australia,1999,19.4
152,Chile,1999,19.5
276,Germany,1999,19.9
156,China,1999,2.0
410,South Korea,1999,2.2
392,Japan,1999,2.5
112,Belarus,1999,20.0
710,South Africa,1999,20.1
124,Canada,1999,20.2
300,Greece,1999,20.4
554,New Zealand,1999,20.9
203,Czechia,1999,21.3
792,Türkiye,1999,21.3
440,Lithuania,1999,22.0
48,Bahrain,1999,22.8
84,Belize,1999,23.4
630,Puerto Rico,1999,24.8
634,Qatar,1999,25.4
840,USA,1999,26.9
470,Malta,1999,27.7
608,Philippines,1999,3.0
414,Kuwait,1999,33.1
702,Singapore,1999,4.7
764,Thailand,1999,5.6
860,Uzbekistan,1999,9.4
800,Uganda,1998,1.4
356,India,1998,1.4
156,China,1998,1.9
320,Guatemala,1998,10.2
417,Kyrgyzstan,1998,10.5
76,Brazil,1998,10.7
208,Denmark,1998,10.9
642,Romania,1998,11.3
480,Mauritius,1998,11.5
218,Ecuador,1998,11.5
756,Switzerland,1998,11.6
528,The Netherlands,1998,11.7
578,Norway,1998,11.8
328,Guyana,1998,12.2
40,Austria,1998,12.3
752,Sweden,1998,12.4
250,France (metropolitan),1998,12.7
352,Iceland,1998,13.7
600,Paraguay,1998,14.4
51,Armenia,1998,14.4
705,Slovenia,1998,14.8
380,Italy,1998,14.9
591,Panama,1998,15.0
703,Slovakia,1998,15.2
188,Costa Rica,1998,15.3
558,Nicaragua,1998,15.4
620,Portugal,1998,15.5
56,Belgium,1998,15.6
191,Croatia,1998,16.2
688,Serbia,1998,16.2
442,Luxembourg,1998,16.7
862,Venezuela,1998,17.0
32,Argentina,1998,17.0
616,Poland,1998,17.0
858,Uruguay,1998,17.2
196,Cyprus,1998,17.5
376,Israel,1998,17.5
246,Finland,1998,17.7
233,Estonia,1998,17.8
372,Ireland,1998,18.2
268,Georgia,1998,18.3
348,Hungary,1998,18.4
484,Mexico,1998,18.4
826,United Kingdom,1998,18.5
152,Chile,1998,18.7
36,Australia,1998,18.7
724,Spain,1998,18.8
428,Latvia,1998,19.0
276,Germany,1998,19.4
710,South Africa,1998,19.5
124,Canada,1998,19.6
112,Belarus,1998,19.7
300,Greece,1998,19.9
410,South Korea,1998,2.1
392,Japan,1998,2.5
608,Philippines,1998,2.8
554,New Zealand,1998,20.0
792,Türkiye,1998,20.7
203,Czechia,1998,21.2
440,Lithuania,1998,21.8
48,Bahrain,1998,22.1
84,Belize,1998,22.4
630,Puerto Rico,1998,23.9
634,Qatar,1998,24.6
840,USA,1998,25.9
470,Malta,1998,27.2
414,Kuwait,1998,32.4
702,Singapore,1998,4.5
764,Thailand,1998,5.3
860,Uzbekistan,1998,9.0
192,Cuba,1998,9.8
170,Colombia,1998,9.9
800,Uganda,1997,1.3
356,India,1997,1.3
156,China,1997,1.8
417,Kyrgyzstan,1997,10.1
76,Brazil,1997,10.3
208,Denmark,1997,10.6
642,Romania,1997,10.9
480,Mauritius,1997,11.0
218,Ecuador,1997,11.0
528,The Netherlands,1997,11.2
756,Switzerland,1997,11.3
578,Norway,1997,11.3
328,Guyana,1997,11.6
40,Austria,1997,12.0
752,Sweden,1997,12.0
250,France (metropolitan),1997,12.4
352,Iceland,1997,13.2
600,Paraguay,1997,13.8
51,Armenia,1997,14.0
591,Panama,1997,14.2
705,Slovenia,1997,14.4
380,Italy,1997,14.6
558,Nicaragua,1997,14.7
188,Costa Rica,1997,14.7
703,Slovakia,1997,14.9
620,Portugal,1997,15.0
56,Belgium,1997,15.2
191,Croatia,1997,15.7
688,Serbia,1997,15.9
442,Luxembourg,1997,16.3
862,Venezuela,1997,16.4
32,Argentina,1997,16.4
858,Uruguay,1997,16.6
616,Poland,1997,16.6
196,Cyprus,1997,17.0
376,Israel,1997,17.1
233,Estonia,1997,17.3
246,Finland,1997,17.4
372,Ireland,1997,17.5
484,Mexico,1997,17.6
268,Georgia,1997,17.7
826,United Kingdom,1997,17.7
348,Hungary,1997,17.8
152,Chile,1997,17.8
36,Australia,1997,17.9
724,Spain,1997,18.3
428,Latvia,1997,18.6
276,Germany,1997,18.8
710,South Africa,1997,18.9
124,Canada,1997,18.9
554,New Zealand,1997,19.0
300,Greece,1997,19.3
112,Belarus,1997,19.4
410,South Korea,1997,2.0
392,Japan,1997,2.4
608,Philippines,1997,2.7
792,Türkiye,1997,20.0
203,Czechia,1997,21.1
48,Bahrain,1997,21.3
84,Belize,1997,21.5
440,Lithuania,1997,21.6
630,Puerto Rico,1997,23.0
634,Qatar,1997,23.8
840,USA,1997,24.9
470,Malta,1997,26.7
414,Kuwait,1997,31.7
702,Singapore,1997,4.4
764,Thailand,1997,5.0
860,Uzbekistan,1997,8.6
192,Cuba,1997,9.3
170,Colombia,1997,9.4
320,Guatemala,1997,9.7
800,Uganda,1996,1.2
356,India,1996,1.2
156,China,1996,1.7
410,South Korea,1996,1.9
208,Denmark,1996,10.3
642,Romania,1996,10.5
480,Mauritius,1996,10.5
218,Ecuador,1996,10.6
528,The Netherlands,1996,10.8
578,Norway,1996,10.9
328,Guyana,1996,11.0
756,Switzerland,1996,11.1
40,Austria,1996,11.6
752,Sweden,1996,11.6
250,France (metropolitan),1996,12.2
352,Iceland,1996,12.7
600,Paraguay,1996,13.3
51,Armenia,1996,13.5
591,Panama,1996,13.6
558,Nicaragua,1996,14.0
188,Costa Rica,1996,14.0
705,Slovenia,1996,14.1
380,Italy,1996,14.3
620,Portugal,1996,14.6
703,Slovakia,1996,14.6
56,Belgium,1996,14.9
191,Croatia,1996,15.3
688,Serbia,1996,15.7
862,Venezuela,1996,15.8
442,Luxembourg,1996,15.9
32,Argentina,1996,15.9
858,Uruguay,1996,16.0
616,Poland,1996,16.3
196,Cyprus,1996,16.6
376,Israel,1996,16.6
372,Ireland,1996,16.8
484,Mexico,1996,16.8
233,Estonia,1996,16.9
826,United Kingdom,1996,16.9
152,Chile,1996,17.0
246,Finland,1996,17.0
268,Georgia,1996,17.1
36,Australia,1996,17.1
348,Hungary,1996,17.3
724,Spain,1996,17.9
554,New Zealand,1996,18.1
428,Latvia,1996,18.2
710,South Africa,1996,18.2
124,Canada,1996,18.2
276,Germany,1996,18.3
300,Greece,1996,18.8
112,Belarus,1996,19.1
792,Türkiye,1996,19.5
392,Japan,1996,2.3
608,Philippines,1996,2.5
84,Belize,1996,20.6
48,Bahrain,1996,20.6
203,Czechia,1996,21.1
440,Lithuania,1996,21.4
630,Puerto Rico,1996,22.1
634,Qatar,1996,23.0
840,USA,1996,23.9
470,Malta,1996,26.2
414,Kuwait,1996,31.0
702,Singapore,1996,4.3
764,Thailand,1996,4.7
860,Uzbekistan,1996,8.2
192,Cuba,1996,8.8
170,Colombia,1996,8.9
320,Guatemala,1996,9.2
417,Kyrgyzstan,1996,9.8
76,Brazil,1996,9.9
800,Uganda,1995,1.1
356,India,1995,1.1
156,China,1995,1.6
410,South Korea,1995,1.8
642,Romania,1995,10.1
480,Mauritius,1995,10.1
218,Ecuador,1995,10.2
528,The Netherlands,1995,10.4
328,Guyana,1995,10.5
578,Norway,1995,10.5
756,Switzerland,1995,10.9
752,Sweden,1995,11.2
40,Austria,1995,11.3
250,France (metropolitan),1995,12.0
352,Iceland,1995,12.1
600,Paraguay,1995,12.7
591,Panama,1995,12.9
51,Armenia,1995,13.1
558,Nicaragua,1995,13.4
188,Costa Rica,1995,13.4
705,Slovenia,1995,13.8
380,Italy,1995,14.1
620,Portugal,1995,14.3
703,Slovakia,1995,14.3
56,Belgium,1995,14.6
191,Croatia,1995,14.8
862,Venezuela,1995,15.2
32,Argentina,1995,15.3
442,Luxembourg,1995,15.5
858,Uruguay,1995,15.5
688,Serbia,1995,15.5
616,Poland,1995,16.0
484,Mexico,1995,16.1
826,United Kingdom,1995,16.1
196,Cyprus,1995,16.2
372,Ireland,1995,16.2
152,Chile,1995,16.2
376,Israel,1995,16.2
36,Australia,1995,16.4
268,Georgia,1995,16.5
233,Estonia,1995,16.5
246,Finland,1995,16.6
348,Hungary,1995,16.8
554,New Zealand,1995,17.2
710,South Africa,1995,17.4
724,Spain,1995,17.4
124,Canada,1995,17.5
276,Germany,1995,17.7
428,Latvia,1995,17.9
300,Greece,1995,18.4
112,Belarus,1995,18.9
792,Türkiye,1995,18.9
84,Belize,1995,19.8
48,Bahrain,1995,19.9
392,Japan,1995,2.2
608,Philippines,1995,2.3
203,Czechia,1995,21.1
630,Puerto Rico,1995,21.3
440,Lithuania,1995,21.3
634,Qatar,1995,22.0
840,USA,1995,22.9
470,Malta,1995,25.7
414,Kuwait,1995,30.3
702,Singapore,1995,4.2
764,Thailand,1995,4.4
860,Uzbekistan,1995,7.9
192,Cuba,1995,8.4
170,Colombia,1995,8.5
320,Guatemala,1995,8.7
417,Kyrgyzstan,1995,9.5
76,Brazil,1995,9.5
208,Denmark,1995,9.9
356,India,1994,1.0
800,Uganda,1994,1.1
156,China,1994,1.5
410,South Korea,1994,1.7
328,Guyana,1994,10.0
528,The Netherlands,1994,10.0
578,Norway,1994,10.1
756,Switzerland,1994,10.7
752,Sweden,1994,10.8
40,Austria,1994,11.0
352,Iceland,1994,11.6
250,France (metropolitan),1994,11.8
600,Paraguay,1994,12.2
591,Panama,1994,12.3
51,Armenia,1994,12.6
188,Costa Rica,1994,12.8
558,Nicaragua,1994,12.8
705,Slovenia,1994,13.5
620,Portugal,1994,13.9
380,Italy,1994,13.9
703,Slovakia,1994,14.1
56,Belgium,1994,14.3
191,Croatia,1994,14.4
862,Venezuela,1994,14.5
32,Argentina,1994,14.8
858,Uruguay,1994,15.0
442,Luxembourg,1994,15.1
688,Serbia,1994,15.3
484,Mexico,1994,15.3
826,United Kingdom,1994,15.3
152,Chile,1994,15.4
372,Ireland,1994,15.6
36,Australia,1994,15.6
616,Poland,1994,15.7
376,Israel,1994,15.8
268,Georgia,1994,15.9
196,Cyprus,1994,15.9
233,Estonia,1994,16.1
246,Finland,1994,16.2
348,Hungary,1994,16.3
554,New Zealand,1994,16.4
710,South Africa,1994,16.7
124,Canada,1994,16.8
724,Spain,1994,17.0
276,Germany,1994,17.2
428,Latvia,1994,17.6
300,Greece,1994,18.0
792,Türkiye,1994,18.3
112,Belarus,1994,18.7
84,Belize,1994,19.0
48,Bahrain,1994,19.2
608,Philippines,1994,2.2
392,Japan,1994,2.2
630,Puerto Rico,1994,20.4
634,Qatar,1994,21.1
203,Czechia,1994,21.2
440,Lithuania,1994,21.3
840,USA,1994,22.0
470,Malta,1994,25.3
414,Kuwait,1994,29.8
702,Singapore,1994,4.1
764,Thailand,1994,4.2
860,Uzbekistan,1994,7.6
170,Colombia,1994,8.0
192,Cuba,1994,8.0
320,Guatemala,1994,8.3
76,Brazil,1994,9.1
417,Kyrgyzstan,1994,9.2
480,Mauritius,1994,9.6
208,Denmark,1994,9.6
218,Ecuador,1994,9.8
642,Romania,1994,9.9
356,India,1993,0.9
800,Uganda,1993,1.0
156,China,1993,1.4
410,South Korea,1993,1.7
756,Switzerland,1993,10.5
752,Sweden,1993,10.5
40,Austria,1993,10.7
352,Iceland,1993,11.2
250,France (metropolitan),1993,11.7
600,Paraguay,1993,11.7
591,Panama,1993,11.7
51,Armenia,1993,12.1
188,Costa Rica,1993,12.1
558,Nicaragua,1993,12.3
705,Slovenia,1993,13.2
620,Portugal,1993,13.7
380,Italy,1993,13.8
862,Venezuela,1993,13.9
703,Slovakia,1993,13.9
56,Belgium,1993,14.0
191,Croatia,1993,14.1
32,Argentina,1993,14.3
858,Uruguay,1993,14.5
826,United Kingdom,1993,14.5
152,Chile,1993,14.6
484,Mexico,1993,14.6
442,Luxembourg,1993,14.7
36,Australia,1993,14.9
372,Ireland,1993,15.0
688,Serbia,1993,15.1
268,Georgia,1993,15.4
376,Israel,1993,15.4
616,Poland,1993,15.4
196,Cyprus,1993,15.5
554,New Zealand,1993,15.5
233,Estonia,1993,15.8
246,Finland,1993,15.8
348,Hungary,1993,15.9
710,South Africa,1993,16.0
124,Canada,1993,16.1
724,Spain,1993,16.7
276,Germany,1993,16.7
428,Latvia,1993,17.3
300,Greece,1993,17.6
792,Türkiye,1993,17.7
84,Belize,1993,18.3
112,Belarus,1993,18.5
48,Bahrain,1993,18.5
630,Puerto Rico,1993,19.6
608,Philippines,1993,2.0
392,Japan,1993,2.1
634,Qatar,1993,20.3
840,USA,1993,21.1
440,Lithuania,1993,21.2
203,Czechia,1993,21.4
470,Malta,1993,24.9
414,Kuwait,1993,29.7
764,Thailand,1993,3.9
702,Singapore,1993,4.1
860,Uzbekistan,1993,7.3
170,Colombia,1993,7.6
192,Cuba,1993,7.6
320,Guatemala,1993,7.9
76,Brazil,1993,8.7
417,Kyrgyzstan,1993,8.9
480,Mauritius,1993,9.1
218,Ecuador,1993,9.4
208,Denmark,1993,9.4
328,Guyana,1993,9.5
642,Romania,1993,9.6
528,The Netherlands,1993,9.7
578,Norway,1993,9.7
356,India,1992,0.8
800,Uganda,1992,1.0
156,China,1992,1.3
410,South Korea,1992,1.6
608,Philippines,1992,1.9
752,Sweden,1992,10.1
756,Switzerland,1992,10.3
40,Austria,1992,10.4
352,Iceland,1992,10.7
591,Panama,1992,11.1
600,Paraguay,1992,11.2
250,France (metropolitan),1992,11.5
188,Costa Rica,1992,11.5
51,Armenia,1992,11.7
558,Nicaragua,1992,11.8
705,Slovenia,1992,12.9
862,Venezuela,1992,13.3
620,Portugal,1992,13.4
703,Slovakia,1992,13.7
56,Belgium,1992,13.7
380,Italy,1992,13.7
191,Croatia,1992,13.8
32,Argentina,1992,13.8
826,United Kingdom,1992,13.8
152,Chile,1992,13.9
484,Mexico,1992,13.9
858,Uruguay,1992,14.0
36,Australia,1992,14.2
442,Luxembourg,1992,14.3
372,Ireland,1992,14.4
554,New Zealand,1992,14.7
268,Georgia,1992,14.9
688,Serbia,1992,14.9
376,Israel,1992,15.1
196,Cyprus,1992,15.2
616,Poland,1992,15.2
710,South Africa,1992,15.3
233,Estonia,1992,15.4
348,Hungary,1992,15.4
124,Canada,1992,15.4
246,Finland,1992,15.5
276,Germany,1992,16.2
724,Spain,1992,16.4
428,Latvia,1992,17.1
792,Türkiye,1992,17.2
300,Greece,1992,17.3
84,Belize,1992,17.6
48,Bahrain,1992,17.8
112,Belarus,1992,18.3
630,Puerto Rico,1992,18.8
634,Qatar,1992,19.5
392,Japan,1992,2.1
840,USA,1992,20.2
440,Lithuania,1992,21.3
203,Czechia,1992,21.5
470,Malta,1992,24.5
414,Kuwait,1992,29.3
764,Thailand,1992,3.7
702,Singapore,1992,4.0
860,Uzbekistan,1992,7.0
170,Colombia,1992,7.2
192,Cuba,1992,7.3
320,Guatemala,1992,7.5
76,Brazil,1992,8.4
417,Kyrgyzstan,1992,8.7
480,Mauritius,1992,8.7
218,Ecuador,1992,9.0
328,Guyana,1992,9.1
208,Denmark,1992,9.1
528,The Netherlands,1992,9.3
642,Romania,1992,9.4
578,Norway,1992,9.4
356,India,1991,0.8
800,Uganda,1991,0.9
156,China,1991,1.2
410,South Korea,1991,1.5
608,Philippines,1991,1.7
756,Switzerland,1991,10.2
40,Austria,1991,10.2
352,Iceland,1991,10.3
591,Panama,1991,10.5
600,Paraguay,1991,10.8
188,Costa Rica,1991,11.0
558,Nicaragua,1991,11.3
51,Armenia,1991,11.3
250,France (metropolitan),1991,11.4
705,Slovenia,1991,12.6
862,Venezuela,1991,12.7
152,Chile,1991,13.1
826,United Kingdom,1991,13.1
620,Portugal,1991,13.2
484,Mexico,1991,13.2
32,Argentina,1991,13.3
191,Croatia,1991,13.4
858,Uruguay,1991,13.5
703,Slovakia,1991,13.5
56,Belgium,1991,13.5
36,Australia,1991,13.5
380,Italy,1991,13.7
372,Ireland,1991,13.8
554,New Zealand,1991,13.9
442,Luxembourg,1991,14.0
268,Georgia,1991,14.4
710,South Africa,1991,14.6
688,Serbia,1991,14.7
124,Canada,1991,14.7
376,Israel,1991,14.8
196,Cyprus,1991,14.9
616,Poland,1991,14.9
348,Hungary,1991,15.0
233,Estonia,1991,15.1
246,Finland,1991,15.2
276,Germany,1991,15.8
724,Spain,1991,16.1
792,Türkiye,1991,16.7
84,Belize,1991,16.9
428,Latvia,1991,16.9
300,Greece,1991,17.0
48,Bahrain,1991,17.1
630,Puerto Rico,1991,18.1
112,Belarus,1991,18.2
634,Qatar,1991,18.7
840,USA,1991,19.3
392,Japan,1991,2.0
440,Lithuania,1991,21.3
203,Czechia,1991,21.6
470,Malta,1991,24.2
414,Kuwait,1991,28.5
764,Thailand,1991,3.4
702,Singapore,1991,3.9
860,Uzbekistan,1991,6.8
170,Colombia,1991,6.8
192,Cuba,1991,7.0
320,Guatemala,1991,7.1
76,Brazil,1991,8.1
480,Mauritius,1991,8.2
417,Kyrgyzstan,1991,8.5
328,Guyana,1991,8.6
218,Ecuador,1991,8.7
208,Denmark,1991,8.8
528,The Netherlands,1991,9.0
578,Norway,1991,9.1
642,Romania,1991,9.2
752,Sweden,1991,9.8
356,India,1990,0.7
800,Uganda,1990,0.9
156,China,1990,1.1
410,South Korea,1990,1.4
608,Philippines,1990,1.6
591,Panama,1990,10.0
756,Switzerland,1990,10.1
600,Paraguay,1990,10.3
188,Costa Rica,1990,10.4
558,Nicaragua,1990,10.8
51,Armenia,1990,10.9
250,France (metropolitan),1990,11.3
862,Venezuela,1990,12.1
705,Slovenia,1990,12.3
826,United Kingdom,1990,12.4
152,Chile,1990,12.5
484,Mexico,1990,12.5
32,Argentina,1990,12.8
36,Australia,1990,12.8
858,Uruguay,1990,13.0
620,Portugal,1990,13.0
191,Croatia,1990,13.0
554,New Zealand,1990,13.2
372,Ireland,1990,13.3
703,Slovakia,1990,13.3
56,Belgium,1990,13.3
442,Luxembourg,1990,13.7
380,Italy,1990,13.7
268,Georgia,1990,14.0
124,Canada,1990,14.0
710,South Africa,1990,14.1
688,Serbia,1990,14.5
376,Israel,1990,14.5
348,Hungary,1990,14.6
196,Cyprus,1990,14.7
616,Poland,1990,14.7
233,Estonia,1990,14.9
246,Finland,1990,14.9
276,Germany,1990,15.3
724,Spain,1990,15.8
84,Belize,1990,16.2
792,Türkiye,1990,16.2
48,Bahrain,1990,16.4
428,Latvia,1990,16.7
300,Greece,1990,16.7
630,Puerto Rico,1990,17.4
112,Belarus,1990,18.0
634,Qatar,1990,18.0
840,USA,1990,18.5
392,Japan,1990,2.0
440,Lithuania,1990,21.4
203,Czechia,1990,21.8
470,Malta,1990,23.9
414,Kuwait,1990,27.5
764,Thailand,1990,3.2
702,Singapore,1990,3.9
170,Colombia,1990,6.4
860,Uzbekistan,1990,6.6
320,Guatemala,1990,6.7
192,Cuba,1990,6.7
76,Brazil,1990,7.7
480,Mauritius,1990,7.8
328,Guyana,1990,8.2
417,Kyrgyzstan,1990,8.3
218,Ecuador,1990,8.4
208,Denmark,1990,8.6
528,The Netherlands,1990,8.7
578,Norway,1990,8.8
642,Romania,1990,9.0
752,Sweden,1990,9.5
352,Iceland,1990,9.8
40,Austria,1990,9.9
